{"version":1,"hash":{"type":"Buffer","data":"A3z2zXgPrW1J8i17OGKNhvTdG8jEVw5P0gCc4kIFBKO5bVtxfVl0y/Jr1O76ghNTI4LTGPhPd1CVO3y+OGmkOJByXyHIYNMeP767ooPPCly/dfUFH/oybeN1x0yJBpvupbOepAf/A6GR8YH/nRWezv7qJzB82IGihVRmAaz86pU="},"indexValueMap":{"Bucs/qlFZWZMnkscGwsjU0uLvDjOuWMoSUn8IH6zikU=":{"valueMac":{"type":"Buffer","data":"xM3puNqA4PSrFby0hd96EjmqSE6wg73nqKyEdbOW/FE="}},"pBjhCwUPCw5pw5Vv6L2uaFrbB++kHY/aAPyrQKU8FJk=":{"valueMac":{"type":"Buffer","data":"HT+J9tYAtQxClxKFFKkMvwmuYIFBREKIobdS2Z8K4h0="}},"wqhUlVoUiNWGjKUm3YIl0IJgAmZNJ7BH7uh8HZ5PlLA=":{"valueMac":{"type":"Buffer","data":"9vApjjN2Ylca6Az0oF0JQvL5yiuZe0LGnouvjHal0EE="}},"WW8RG6DmjoM/fSIvtpvuxO/eZWPlKCWTmpEOdCZRfsE=":{"valueMac":{"type":"Buffer","data":"jr85D3FZXG/8z2kM63AsCSnr0SFy9f92w+kMYMMG9eY="}},"2QE7UqC7GM4tVGj6uN8MRYFILExxM8NwHZWWjdBWH4Y=":{"valueMac":{"type":"Buffer","data":"jaZ+2XsYakpsfePVoa6YW90V4rrbk8O9kGk6n0fv4xw="}},"+WOFegjiPyj5hyNa6WeHF0eeAs1jrg7DuHeeqN1sUYE=":{"valueMac":{"type":"Buffer","data":"RAzMAM56wbluwgQMHvkxOxUtiQswugWU1YDbgEzoh14="}},"FvhyaH+NFFtrUgVJhJhquKOzCIQxFwXYnjh5cYfKa+A=":{"valueMac":{"type":"Buffer","data":"Qv5TSkhyeQoGf2g1zA7VvrTEm4mWu/2PDiLHx+Vs5E0="}},"RY+yihLJ9dfek1V2HxctVP6s8UIQl4GRe1SygiR8rak=":{"valueMac":{"type":"Buffer","data":"5hXj+9HAY/D11ur7oY98uVSXjENcSc4qe3QYkRANHbM="}},"pVaZBb3AT6RyB0ZYchXeqllen/3mAr3zhnSF/7h+hWQ=":{"valueMac":{"type":"Buffer","data":"HE99vslnDTXV1ZmELMiZOt7//9ra39wy+f9ZlDDz7jg="}}}}