{"noiseKey":{"private":{"type":"Buffer","data":"EF1dTaTnCQaIu/QetYr2Oi1vyfJrm+MjX5JZZKETr1I="},"public":{"type":"Buffer","data":"uMV8s6CgowqdwitXBQiHtyup/LB17iUcAwhCcmGd0kU="}},"pairingEphemeralKeyPair":{"private":{"type":"Buffer","data":"8BUN+W1ihXjWDYCzkVYirJ6kBAntoxhQsBql8cFW1G4="},"public":{"type":"Buffer","data":"IFJhAUjr2fLzvJvIEbyPSav8jWftyre9/HhZbqKU5AA="}},"signedIdentityKey":{"private":{"type":"Buffer","data":"ONlUDQYxMd5kyUILkLPY1VSqBlj0ItFAOyO+j2Iw5kA="},"public":{"type":"Buffer","data":"H0MMvh7w8IaDoWSdL2ARC2kvkHER5uZi9q/lji14eAs="}},"signedPreKey":{"keyPair":{"private":{"type":"Buffer","data":"KErZ7CWFkSd/Lgl7FI01lBqhM+TiZJu6A+/O1vTClUE="},"public":{"type":"Buffer","data":"gerUiwL7lpp2gorvZfabdlXX60e+zXNr/zK0Rd7+f2I="}},"signature":{"type":"Buffer","data":"bw1g7jmB9CvAikgOnqRcwTzZZH2GEmE0u8pwo2lE1axad+XbL4jBxiW2mv0CPtajjc6jtFfur9uEQYnndE8OAA=="},"keyId":1},"registrationId":117,"advSecretKey":"7b6F1zkSzJ/SKYz6WqFzlBamNbc3U+R3VFIl2wjjs9Y=","processedHistoryMessages":[{"key":{"remoteJid":"6285162634171@s.whatsapp.net","fromMe":true,"id":"66DF1AB62788CA650F32E0197DDD83E9"},"messageTimestamp":1756000752},{"key":{"remoteJid":"6285162634171@s.whatsapp.net","fromMe":true,"id":"168863E0D5F0AB679F918B8EB66E1262"},"messageTimestamp":1756000758},{"key":{"remoteJid":"6285162634171@s.whatsapp.net","fromMe":true,"id":"A43452149A6FEC17AA97BAE8268E43C4"},"messageTimestamp":1756000759}],"nextPreKeyId":61,"firstUnuploadedPreKeyId":61,"accountSyncCounter":1,"accountSettings":{"unarchiveChats":false},"registered":true,"pairingCode":"R564MSHY","me":{"id":"6285162634171:20@s.whatsapp.net","lid":"230919218675736:20@lid","name":"nakatatardinata"},"account":{"details":"CIj5vo4GEOvjqcUGGAEgACgA","accountSignatureKey":"J24C1nfVz2M48ao4VinVuTrHluscEn97+CgpooA5chA=","accountSignature":"4k4xzZJDjkRD1Ez1kgItIN2CSj/wNOuju4FXZbIGxr2O3P1+nEZ6t8M6/7o5dq39qNz9ist/FJfOPVNZGpy4Bg==","deviceSignature":"oxws+mSretY/eMVxs+GHMNtmiwafL5+t08kjC2VGsrDw70u5KC0KKsd+Cb4Z5oDv1dbIkuFleIVpz5Aiw9gZCw=="},"signalIdentities":[{"identifier":{"name":"6285162634171:20@s.whatsapp.net","deviceId":0},"identifierKey":{"type":"Buffer","data":"BSduAtZ31c9jOPGqOFYp1bk6x5brHBJ/e/goKaKAOXIQ"}}],"platform":"android","routingInfo":{"type":"Buffer","data":"CAgIBQ=="},"lastAccountSyncTimestamp":1756003451,"myAppStateKeyId":"AAAAABS2","lastPropHash":"1K4hH4"}