{"_sessions":{"BdfJ8pzZUwoaQawgqFK55ikGpv2P/rGU5kXBpSOpynck":{"registrationId":63331022,"currentRatchet":{"ephemeralKeyPair":{"pubKey":"BT5+LhEpdm27fp0wZI/mfcrq4kZZ8HFxtwdoiIKdyDNR","privKey":"yE0s9tTPGQk0kBntmznLRyW//3OWcQF2QYsMH3YwoHo="},"lastRemoteEphemeralKey":"BQYg41fT0ONo83sBxBE3nJ0/RZ38WH0o/sSYQUgyl25f","previousCounter":0,"rootKey":"j5QS/VbXQ5fQAsrlCYp2ZxaLzALD5mcBwUFosGfycuY="},"indexInfo":{"baseKey":"BdfJ8pzZUwoaQawgqFK55ikGpv2P/rGU5kXBpSOpynck","baseKeyType":1,"closed":-1,"used":1756000779628,"created":1756000779628,"remoteIdentityKey":"Bcmlm0I3d5UVlDs4V4ecHnNbaNftKR6psK2pzx3E6UwQ"},"_chains":{"BT5+LhEpdm27fp0wZI/mfcrq4kZZ8HFxtwdoiIKdyDNR":{"chainKey":{"counter":25,"key":"a0E+bbN83ucoOkYHv0ZzhXfZOJVYh6tRY4NdOYn3N8Y="},"chainType":1,"messageKeys":{}}},"pendingPreKey":{"signedKeyId":1,"baseKey":"BdfJ8pzZUwoaQawgqFK55ikGpv2P/rGU5kXBpSOpynck","preKeyId":483}}},"version":"v1"}