{"_sessions":{"BbM3BI+xiqjOdWl3SWpUaMxE6QpwrSo8ZfNiBsdIBjJb":{"registrationId":7169,"currentRatchet":{"ephemeralKeyPair":{"pubKey":"BdOsC5W/nQUKLl27OjOEwGO2OxYev6VBxKjO6RxTf11I","privKey":"aBbxpYDkBFo9J4Mm9sdl8f2f/uSAtJLtiQfg9bRP/lc="},"lastRemoteEphemeralKey":"Bbv8VP4zERWHMG4FA/EGug/b1y9l3y+7ASsvb908TPUk","previousCounter":0,"rootKey":"V1N/9BAsLaN8qaQmVUV6dYZPHqjgPvqu/R5M/wI6ydk="},"indexInfo":{"baseKey":"BbM3BI+xiqjOdWl3SWpUaMxE6QpwrSo8ZfNiBsdIBjJb","baseKeyType":2,"closed":-1,"used":1756003453691,"created":1756003453691,"remoteIdentityKey":"BVNBG6TgXelmDYfPdn/NCzDn59C6LKIBY6YRnv/EaSIS"},"_chains":{"Bbv8VP4zERWHMG4FA/EGug/b1y9l3y+7ASsvb908TPUk":{"chainKey":{"counter":1,"key":"MuL1Xmr+m2PeWTnjDFP/xOlpHNCteYa7Ty2lrRPweas="},"chainType":2,"messageKeys":{}},"BdOsC5W/nQUKLl27OjOEwGO2OxYev6VBxKjO6RxTf11I":{"chainKey":{"counter":-1,"key":"3oBT5q5yQ7Px1h7TL/CQbd5wRjFoS+uOTXsR+FqAgV8="},"chainType":1,"messageKeys":{}}}}},"version":"v1"}