{"_sessions":{"BeRjaOxW2V75l+mwXA0qIGCLBlZxfVxk0AF6bK2KbbR1":{"registrationId":1218119794,"currentRatchet":{"ephemeralKeyPair":{"pubKey":"BdsImp/XifQ7sSnhVhVdOkjCxWUfa9mf1KkQl7nNStZt","privKey":"mP9ON1BuLMBv2Ick1U4uC4TG7IrHOth7XFqWirlypmo="},"lastRemoteEphemeralKey":"Be4d06BA+qrc+YIjbUkipmbwU7rIWAkkgJIKS02d0CIC","previousCounter":0,"rootKey":"qX2yCkIAex5R5SNDwtMtJ4igpPJ/EYgb8005LAX2Po8="},"indexInfo":{"baseKey":"BeRjaOxW2V75l+mwXA0qIGCLBlZxfVxk0AF6bK2KbbR1","baseKeyType":2,"closed":-1,"used":1756003452659,"created":1756003452659,"remoteIdentityKey":"BT+dYGL1Sj535oki7kRF2RobAshJoNdT4Zvxefn+/EgL"},"_chains":{"Be4d06BA+qrc+YIjbUkipmbwU7rIWAkkgJIKS02d0CIC":{"chainKey":{"counter":0,"key":"2vLY66w2RstUCNzV1v52TFwzWpbHa1ju+YRZNU51SP0="},"chainType":2,"messageKeys":{}},"BdsImp/XifQ7sSnhVhVdOkjCxWUfa9mf1KkQl7nNStZt":{"chainKey":{"counter":-1,"key":"2ccLyIK+83BSSLU1cbHM229V0ioSl3LQSpVjYViQtC4="},"chainType":1,"messageKeys":{}}}}},"version":"v1"}