{"_sessions":{"BTV//Qx9+P/roVw8DOna8zjOSXXxzaJA2ECogIE2NAsf":{"registrationId":35493383,"currentRatchet":{"ephemeralKeyPair":{"pubKey":"BWCG/0/jU/nmY+Ch5CdWwuxSI9HaZD+bskRgjd89neVY","privKey":"KHhd8UCfBnbffUanNuCum9O5tTZODE7gnjorw7EFb3A="},"lastRemoteEphemeralKey":"BbFuVoRCjkXhJBhBNubQZZlLLl/TeKuCQ04xo5hhfbZ6","previousCounter":0,"rootKey":"FZk0IuqN5L6ZtUkD9sLg5vOyD65R9v69ZQXm7rOt4+o="},"indexInfo":{"baseKey":"BTV//Qx9+P/roVw8DOna8zjOSXXxzaJA2ECogIE2NAsf","baseKeyType":2,"closed":-1,"used":1756003988419,"created":1756003988419,"remoteIdentityKey":"BaKjxi445A9/DbVRpswHwsQ7lECjZYmK7BqdYyXhUlxT"},"_chains":{"BbFuVoRCjkXhJBhBNubQZZlLLl/TeKuCQ04xo5hhfbZ6":{"chainKey":{"counter":0,"key":"Ja+jXKAbwzLTSAh/bATxUsTnz9W0CNXbV9TOzaajntM="},"chainType":2,"messageKeys":{}},"BWCG/0/jU/nmY+Ch5CdWwuxSI9HaZD+bskRgjd89neVY":{"chainKey":{"counter":-1,"key":"Y2dGFsOvMMVCGl7XyANgrRfI8GXNFZIpfErShGkgpsA="},"chainType":1,"messageKeys":{}}}}},"version":"v1"}