{"_sessions":{"BQYjEU5j67VBdjgJ5yEjLZt6jRA0ApR8eeIo32j56VdW":{"registrationId":348483473,"currentRatchet":{"ephemeralKeyPair":{"pubKey":"BfB885VVToEZ4C0/kVd9K1UIY8FaboQ/bsHz0HpBAMIw","privKey":"aIjuRXGAgwX11tVs1QEpRTWko9pS1qO7ivOpQi/EsWs="},"lastRemoteEphemeralKey":"BaR+Cshgcf8UuaQiT7DhlB50+iVGtpHnEARxAvXwSqRA","previousCounter":3,"rootKey":"HkdqtNxfLHhjbbQ1yXu5WtpjIporXaKJASz8PBT9EWk="},"indexInfo":{"baseKey":"BQYjEU5j67VBdjgJ5yEjLZt6jRA0ApR8eeIo32j56VdW","baseKeyType":1,"closed":-1,"used":1756003454733,"created":1756001514680,"remoteIdentityKey":"BblzHiUjEoPSmO5VijY6dS3nrkXIKW7Hy1y0gmqy2xwE"},"_chains":{"BaR+Cshgcf8UuaQiT7DhlB50+iVGtpHnEARxAvXwSqRA":{"chainKey":{"counter":0,"key":"evkiZ8dLGujwhgpsV4w2KZMe4uFURkySh/gCKTUo0Tg="},"chainType":2,"messageKeys":{}},"BfB885VVToEZ4C0/kVd9K1UIY8FaboQ/bsHz0HpBAMIw":{"chainKey":{"counter":-1,"key":"SsDNvBiilykjrp4NmFfixbEsythVP9FnHWm+3zcqBPg="},"chainType":1,"messageKeys":{}}}}},"version":"v1"}