{"_sessions":{"BZrTdWvAEvjs1c3p8LgSjQ4iJ3fJ48W4fQliB0R+ZcEy":{"registrationId":142,"currentRatchet":{"ephemeralKeyPair":{"pubKey":"Bd7tImQ8yLJsb2XWBvhbP107TbM09IRjdth+EnDEZt0r","privKey":"QOPmU7ts8oynusghaDMwJXu+Jru3wFX6lu8qp0Zk6Wk="},"lastRemoteEphemeralKey":"BeuYua9HAy233wrh3d4z8vIdAXHmarimLPSk2TaKv74U","previousCounter":0,"rootKey":"PW1ypvqgF7gRSObgIgBNk3RRrF00cyHqdR4GjL566o0="},"indexInfo":{"baseKey":"BZrTdWvAEvjs1c3p8LgSjQ4iJ3fJ48W4fQliB0R+ZcEy","baseKeyType":2,"closed":-1,"used":1756003452967,"created":1756003452967,"remoteIdentityKey":"BWUiwQ5d4grlmkIQme0QfloZfMFveOkfl+kJZjHds7cw"},"_chains":{"BeuYua9HAy233wrh3d4z8vIdAXHmarimLPSk2TaKv74U":{"chainKey":{"counter":0,"key":"0oYOZ5NlL1k2O0UQKj7i0vZYOqKOBrZWE2ObCJJm9uk="},"chainType":2,"messageKeys":{}},"Bd7tImQ8yLJsb2XWBvhbP107TbM09IRjdth+EnDEZt0r":{"chainKey":{"counter":-1,"key":"CZCmrHVK4ufb55dM5qj8tIO9Ph44SM85uDI0SNs176w="},"chainType":1,"messageKeys":{}}}}},"version":"v1"}