{"_sessions":{"BSs3VtvNHWT0WGB7SrevcH/YtvNs/3IjJUi4Ix0MDSd2":{"registrationId":1911439510,"currentRatchet":{"ephemeralKeyPair":{"pubKey":"BdgeelUG2YgTK5W6m+ePPjn7pYzNzsG4LD7zz8n4Apwt","privKey":"sIqnzwrv6MfDsXCzMPuqIry2R1ouo0eHS5ljXatgxFs="},"lastRemoteEphemeralKey":"BQ57kfjTTAx7ofGdl7iZCZeUORba9Fq1F6UqHOhM3otY","previousCounter":27,"rootKey":"h7dcTq25bHg3f4OtmARlQjZUJutiVG/NfSawjG2Z/uI="},"indexInfo":{"baseKey":"BSs3VtvNHWT0WGB7SrevcH/YtvNs/3IjJUi4Ix0MDSd2","baseKeyType":2,"closed":-1,"used":1756003634973,"created":1756000751276,"remoteIdentityKey":"BSduAtZ31c9jOPGqOFYp1bk6x5brHBJ/e/goKaKAOXIQ"},"_chains":{"BYjfX3iW/q8q/JNfHvWEjhxeJgppqu2TCuAb4FZOIdoJ":{"chainKey":{"counter":7},"chainType":2,"messageKeys":{}},"BQ57kfjTTAx7ofGdl7iZCZeUORba9Fq1F6UqHOhM3otY":{"chainKey":{"counter":0,"key":"n8PJkdMJmUs+ySBMTvU5U1dlRoG1cCJ7k7m5Z4mcdmk="},"chainType":2,"messageKeys":{}},"BdgeelUG2YgTK5W6m+ePPjn7pYzNzsG4LD7zz8n4Apwt":{"chainKey":{"counter":-1,"key":"kcsqY9rhJTZwdH2DlVUDCOB8n9SZMjjUSY/aYuhx5jw="},"chainType":1,"messageKeys":{}}}}},"version":"v1"}