{"_sessions":{"BZQ998cciWcJZz6bHEHWL4KGGbCNqoiHuUDqzK+ryDkx":{"registrationId":1541141706,"currentRatchet":{"ephemeralKeyPair":{"pubKey":"BdqRKDM9NHS9xzFVDUx0oNtj/LSqTGX4sieJmNadK2xZ","privKey":"MF+QMFHpkqm5MUFFf44q6XdfA0iNZGm+fe9JcESAcls="},"lastRemoteEphemeralKey":"BcnqJaC1LwXB71V5dVjaqZO7J5/qIgbg9/3GuGszGD8S","previousCounter":0,"rootKey":"grZJPWYt3t0aawoLRdh0SDgooZHX20ThAmsbIEfACR0="},"indexInfo":{"baseKey":"BZQ998cciWcJZz6bHEHWL4KGGbCNqoiHuUDqzK+ryDkx","baseKeyType":2,"closed":-1,"used":1756003591425,"created":1756000779004,"remoteIdentityKey":"BdBU1gqlD7hjGIfymhijU0hh1yN+dEik9aBNdNpBz7Eo"},"_chains":{"Bciaj1kzDFkdjuu7n1WL1WRlVWGQaYjzQLwniQ84bIMS":{"chainKey":{"counter":0},"chainType":2,"messageKeys":{}},"BavlAJ5UTz5dwHWQ0j3fC78c7NUbeNvjgh9ulb1GiBAb":{"chainKey":{"counter":0},"chainType":2,"messageKeys":{}},"Bf3+iLiw6aNIrY6Nyw3Ugx7mf+D4zOOxoWpD4RAfwpds":{"chainKey":{"counter":1},"chainType":2,"messageKeys":{}},"BUTU9ReYx2arU6yfi9lM4UDMhpvEVGdiTRvF8Mcn/4gX":{"chainKey":{"counter":0},"chainType":2,"messageKeys":{}},"BYkbwaBfZpLYnQmW8Simj0d0Ca/LX+VajBnm+2VjoDNZ":{"chainKey":{"counter":0},"chainType":2,"messageKeys":{}},"Be09ZEO/u/ksP0Tzr/WAxwGvzoK7nTDw3yxpEY0TLhxw":{"chainKey":{"counter":0},"chainType":2,"messageKeys":{}},"BYvGuJ2dkVjfLJjWGUVbueCL9T3J1HTtYuw51fpUwt1z":{"chainKey":{"counter":1},"chainType":2,"messageKeys":{}},"BfZPTWZ/l/D17qCJm3Qtzp2tQ6pTA/gPfJDhijDgN8sa":{"chainKey":{"counter":2},"chainType":2,"messageKeys":{}},"Bc1ylVjCV6nZVea+OYd89KsW9CzS/9NHhfJ6IWIlkaRg":{"chainKey":{"counter":0},"chainType":2,"messageKeys":{}},"BYdgUVJUNz+Lp/IHzmx1qrE2hXfFSIDdMPJi/4Jp8hRY":{"chainKey":{"counter":0},"chainType":2,"messageKeys":{}},"BathCStFBVCAM01Ub5DhMgYZJ5XWlGtrHsWf+VNXtRwd":{"chainKey":{"counter":0},"chainType":2,"messageKeys":{}},"BZqVUIlEJqOdwGsPfbqzH7PLXWcd2mQiIOWmrxWhX4BY":{"chainKey":{"counter":0},"chainType":2,"messageKeys":{}},"BQP0bRK9hmkPdGfB9KZRQ2kOENePUWPhN4w1RcsCbGtx":{"chainKey":{"counter":1},"chainType":2,"messageKeys":{}},"BRad6+IkqM8QPcOravw5npn4c375xIJQC7mgP51D0F9b":{"chainKey":{"counter":0},"chainType":2,"messageKeys":{}},"BXxlu1qxIphJ/+TFJr2z98SJlIbXG1uaundMwt6qD9RE":{"chainKey":{"counter":0},"chainType":2,"messageKeys":{}},"Bclu9H6cS3VfOY+mw6ZzfRZg7UaKm4ss+B6Cvh6nuxtQ":{"chainKey":{"counter":0},"chainType":2,"messageKeys":{}},"BULSXiiwXt2/iIW91GSyAa0Yx+CEo3F32CCbc9zaqDAX":{"chainKey":{"counter":0},"chainType":2,"messageKeys":{}},"BYdVRRzN9aOR7QobKHOa8Ck5anVnupy2gZ4q1JrJSFsr":{"chainKey":{"counter":0},"chainType":2,"messageKeys":{}},"BdOFJdQEdkP1LsnC0Nsi5GR6AlSzwJrY3Q2JC48aG79c":{"chainKey":{"counter":0},"chainType":2,"messageKeys":{}},"BRYuFAS7Rt4taMeTnMClVRVMsOdpnVgJSAmjkcq6WC8Z":{"chainKey":{"counter":0},"chainType":2,"messageKeys":{}},"BU4KCCeBsmRLPXLGBIM9opzMWpMRR4ee29wbKvCf14QF":{"chainKey":{"counter":1},"chainType":2,"messageKeys":{}},"Bd1NKvNHcWHSWwL1+NFEtXC2A1SfHLGwIrZr3LD631Fe":{"chainKey":{"counter":0},"chainType":2,"messageKeys":{}},"BYrOdtx1ZjfF4yGzwYzJbR3tovYUV7YWsEZjgcgGrn8F":{"chainKey":{"counter":0},"chainType":2,"messageKeys":{}},"BYepgomIqkq3YhlmXLOZNZffuizBadKc6Bnf6zLM4TND":{"chainKey":{"counter":0},"chainType":2,"messageKeys":{}},"BcnqJaC1LwXB71V5dVjaqZO7J5/qIgbg9/3GuGszGD8S":{"chainKey":{"counter":1,"key":"+VRWg/rN+mQ74d+0pFL31dCeh6f4ln6GT7ydQH0yZVY="},"chainType":2,"messageKeys":{}},"BdqRKDM9NHS9xzFVDUx0oNtj/LSqTGX4sieJmNadK2xZ":{"chainKey":{"counter":0,"key":"y8+7uF7ncTJUQED+CwwGQiBOWGEO3IsVmm0prvtRgZE="},"chainType":1,"messageKeys":{}}}}},"version":"v1"}